state,area,period_label,average_price_rm,year,quarter,property_type,price_type
Johor,Batu Pahat,2016_Q1,229934.63,2016,1,Terraced house,published_average
Johor,Johor Bahru,2016_Q1,244377.23589888704,2016,1,Terraced house,published_average
Johor,Kluang,2016_Q1,180788.43,2016,1,Terraced house,published_average
Johor,Kota Tinggi/Pontian,2016_Q1,175059.58,2016,1,Terraced house,published_average
Johor,Kulai Jaya,2016_Q1,235873.09,2016,1,Terraced house,published_average
Johor,Muar,2016_Q1,254692.22,2016,1,Terraced house,published_average
Johor,Segamat,2016_Q1,170586.53869249395,2016,1,Terraced house,published_average
Johor,State average,,240545.95,2016,1,High-rise unit,published_average
Kedah,Kota Setar,2016_Q1,184183.01,2016,1,Terraced house,published_average
Kedah,Kuala Muda,2016_Q1,113052.63,2016,1,Terraced house,published_average
Kedah,Kubang Pasu,2016_Q1,138061.86,2016,1,Terraced house,published_average
Kedah,Kulim,2016_Q1,145196.97,2016,1,Terraced house,published_average
Kelantan,Kota Bharu,2016_Q1,163962.99,2016,1,Terraced house,published_average
Kuala Lumpur,KL Central,,532632.01,2016,1,High-rise unit,published_average
Kuala Lumpur,KL Central,2016_Q1,973246.94,2016,1,Terraced house,published_average
Kuala Lumpur,KL North,,500758.41,2016,1,High-rise unit,published_average
Kuala Lumpur,KL North,2016_Q1,619024.81,2016,1,Terraced house,published_average
Kuala Lumpur,KL South,,307211.95,2016,1,High-rise unit,published_average
Kuala Lumpur,KL South,2016_Q1,592860.74,2016,1,Terraced house,published_average
Kuala Lumpur,State average,,478905.06,2016,1,High-rise unit,published_average
Melaka,Alor Gajah-Jasin,2016_Q1,113502.17,2016,1,Terraced house,published_average
Melaka,Melaka Tengah,2016_Q1,182086.18,2016,1,Terraced house,published_average
Melaka,State average,,109691.68,2016,1,High-rise unit,published_average
Negeri Sembilan,Port Dickson,2016_Q1,141569.13,2016,1,Terraced house,published_average
Negeri Sembilan,Seremban,2016_Q1,203490.79,2016,1,Terraced house,published_average
Negeri Sembilan,State average,,95469.43,2016,1,High-rise unit,published_average
Negeri Sembilan,Tampin & Others,2016_Q1,132089.57,2016,1,Terraced house,published_average
Pahang,Bentong,2016_Q1,211921.89,2016,1,Terraced house,published_average
Pahang,Jerantut-Lipis-Raub,2016_Q1,150953.66,2016,1,Terraced house,published_average
Pahang,Kuantan,2016_Q1,239578.76,2016,1,Terraced house,published_average
Pahang,Temerloh,2016_Q1,151746.1,2016,1,Terraced house,published_average
Penang,Pulau Pinang (Island),,368743.6,2016,1,High-rise unit,published_average
Penang,Pulau Pinang (Island),2016_Q1,885665.6,2016,1,Terraced house,published_average
Penang,Seberang Perai,,120565.58,2016,1,High-rise unit,published_average
Penang,Seberang Perai,2016_Q1,275306.88,2016,1,Terraced house,published_average
Penang,State average,,339858.27,2016,1,High-rise unit,published_average
Perak,Batang Padang,2016_Q1,123152.63,2016,1,Terraced house,published_average
Perak,Hilir Perak,2016_Q1,149239.98,2016,1,Terraced house,published_average
Perak,Kinta/Ipoh,2016_Q1,166162.78,2016,1,Terraced house,published_average
Perak,Larut Matang,2016_Q1,159933.85,2016,1,Terraced house,published_average
Perak,Manjung,2016_Q1,212713.15,2016,1,Terraced house,published_average
Perlis,Kangar,2016_Q1,130583.58,2016,1,Terraced house,published_average
Sabah,Kota Kinabalu,2016_Q1,436367.42,2016,1,Terraced house,published_average
Sabah,Sandakan,2016_Q1,315078.35,2016,1,Terraced house,published_average
Sabah,State average,,303066.91,2016,1,High-rise unit,published_average
Sabah,Tawau,2016_Q1,399385.91,2016,1,Terraced house,published_average
Sarawak,Kuching,2016_Q1,408198.16,2016,1,Terraced house,published_average
Sarawak,Miri,2016_Q1,275148.53,2016,1,Terraced house,published_average
Sarawak,Sibu,2016_Q1,282971.09,2016,1,Terraced house,published_average
Selangor,Gombak,2016_Q1,350360.04,2016,1,Terraced house,published_average
Selangor,Hulu Langat,,234729.51,2016,1,High-rise unit,published_average
Selangor,Hulu Langat,2016_Q1,362001.97,2016,1,Terraced house,published_average
Selangor,Klang,2016_Q1,273330.06,2016,1,Terraced house,published_average
Selangor,Kuala Selangor,2016_Q1,226094.53,2016,1,Terraced house,published_average
Selangor,Petaling,,361666.45,2016,1,High-rise unit,published_average
Selangor,Petaling,2016_Q1,605836.36,2016,1,Terraced house,published_average
Selangor,Sepang,2016_Q1,370280.45,2016,1,Terraced house,published_average
Selangor,State average,,273740.26,2016,1,High-rise unit,published_average
Terengganu,Kemaman,2016_Q1,151577.92,2016,1,Terraced house,published_average
Terengganu,Kuala Terengganu,2016_Q1,205026.84,2016,1,Terraced house,published_average
Johor,Batu Pahat,2016_Q2,237717.22,2016,2,Terraced house,published_average
Johor,Johor Bahru,2016_Q2,248377.95463120166,2016,2,Terraced house,published_average
Johor,Kluang,2016_Q2,184792.81,2016,2,Terraced house,published_average
Johor,Kota Tinggi/Pontian,2016_Q2,181325.73,2016,2,Terraced house,published_average
Johor,Kulai Jaya,2016_Q2,241171.33,2016,2,Terraced house,published_average
Johor,Muar,2016_Q2,264573.79,2016,2,Terraced house,published_average
Johor,Segamat,2016_Q2,172677.06,2016,2,Terraced house,published_average
Johor,State average,,235301.53,2016,2,High-rise unit,published_average
Kedah,Kota Setar,2016_Q2,187837.77,2016,2,Terraced house,published_average
Kedah,Kuala Muda,2016_Q2,115112.56,2016,2,Terraced house,published_average
Kedah,Kubang Pasu,2016_Q2,139804.36,2016,2,Terraced house,published_average
Kedah,Kulim,2016_Q2,150018.85,2016,2,Terraced house,published_average
Kelantan,Kota Bharu,2016_Q2,162447.77,2016,2,Terraced house,published_average
Kuala Lumpur,KL Central,,522379.07,2016,2,High-rise unit,published_average
Kuala Lumpur,KL Central,2016_Q2,992379.1291829769,2016,2,Terraced house,published_average
Kuala Lumpur,KL North,,493607.45,2016,2,High-rise unit,published_average
Kuala Lumpur,KL North,2016_Q2,644093.35,2016,2,Terraced house,published_average
Kuala Lumpur,KL South,,308956.82,2016,2,High-rise unit,published_average
Kuala Lumpur,KL South,2016_Q2,594831.66,2016,2,Terraced house,published_average
Kuala Lumpur,State average,,472053.27,2016,2,High-rise unit,published_average
Melaka,Alor Gajah-Jasin,2016_Q2,118912.96,2016,2,Terraced house,published_average
Melaka,Melaka Tengah,2016_Q2,187362.12,2016,2,Terraced house,published_average
Melaka,State average,,111465.27,2016,2,High-rise unit,published_average
Negeri Sembilan,Port Dickson,2016_Q2,151747.17,2016,2,Terraced house,published_average
Negeri Sembilan,Seremban,2016_Q2,205744.36,2016,2,Terraced house,published_average
Negeri Sembilan,State average,,97858.3,2016,2,High-rise unit,published_average
Negeri Sembilan,Tampin & Others,2016_Q2,131200.8,2016,2,Terraced house,published_average
Pahang,Bentong,2016_Q2,211129.63,2016,2,Terraced house,published_average
Pahang,Jerantut-Lipis-Raub,2016_Q2,152647.74,2016,2,Terraced house,published_average
Pahang,Kuantan,2016_Q2,241368.55,2016,2,Terraced house,published_average
Pahang,Temerloh,2016_Q2,155547.46,2016,2,Terraced house,published_average
Penang,Pulau Pinang (Island),,368555.71,2016,2,High-rise unit,published_average
Penang,Pulau Pinang (Island),2016_Q2,884676.24,2016,2,Terraced house,published_average
Penang,Seberang Perai,,121173.69,2016,2,High-rise unit,published_average
Penang,Seberang Perai,2016_Q2,280278.07,2016,2,Terraced house,published_average
Penang,State average,,339763.03,2016,2,High-rise unit,published_average
Perak,Batang Padang,2016_Q2,125784.87,2016,2,Terraced house,published_average
Perak,Hilir Perak,2016_Q2,154926.68,2016,2,Terraced house,published_average
Perak,Kinta/Ipoh,2016_Q2,170283.28,2016,2,Terraced house,published_average
Perak,Larut Matang,2016_Q2,167592.44,2016,2,Terraced house,published_average
Perak,Manjung,2016_Q2,216711.36,2016,2,Terraced house,published_average
Perlis,Kangar,2016_Q2,128161.82,2016,2,Terraced house,published_average
Sabah,Kota Kinabalu,2016_Q2,442780.19,2016,2,Terraced house,published_average
Sabah,Sandakan,2016_Q2,324696.83,2016,2,Terraced house,published_average
Sabah,State average,,305363.32,2016,2,High-rise unit,published_average
Sabah,Tawau,2016_Q2,402975.64,2016,2,Terraced house,published_average
Sarawak,Kuching,2016_Q2,414414.27,2016,2,Terraced house,published_average
Sarawak,Miri,2016_Q2,276766.08,2016,2,Terraced house,published_average
Sarawak,Sibu,2016_Q2,295110.43,2016,2,Terraced house,published_average
Selangor,Gombak,2016_Q2,362401.66,2016,2,Terraced house,published_average
Selangor,Hulu Langat,,232184.94,2016,2,High-rise unit,published_average
Selangor,Hulu Langat,2016_Q2,369531.79,2016,2,Terraced house,published_average
Selangor,Klang,2016_Q2,283952.21,2016,2,Terraced house,published_average
Selangor,Kuala Selangor,2016_Q2,231190.18,2016,2,Terraced house,published_average
Selangor,Petaling,,354058.27942534635,2016,2,High-rise unit,published_average
Selangor,Petaling,2016_Q2,631323.62,2016,2,Terraced house,published_average
Selangor,Sepang,2016_Q2,398034.97,2016,2,Terraced house,published_average
Selangor,State average,,268934.67080911103,2016,2,High-rise unit,published_average
Terengganu,Kemaman,2016_Q2,153274.61,2016,2,Terraced house,published_average
Terengganu,Kuala Terengganu,2016_Q2,208230.98,2016,2,Terraced house,published_average
Johor,Batu Pahat,2016_Q3,236957.48,2016,3,Terraced house,published_average
Johor,Johor Bahru,2016_Q3,272104.8838596492,2016,3,Terraced house,published_average
Johor,Kluang,2016_Q3,185131.62,2016,3,Terraced house,published_average
Johor,Kota Tinggi/Pontian,2016_Q3,186897.32,2016,3,Terraced house,published_average
Johor,Kulai Jaya,2016_Q3,243506.39,2016,3,Terraced house,published_average
Johor,Muar,2016_Q3,268745.92,2016,3,Terraced house,published_average
Johor,Segamat,2016_Q3,177340.81927612372,2016,3,Terraced house,published_average
Johor,State average,,228341.27481870228,2016,3,High-rise unit,published_average
Kedah,Kota Setar,2016_Q3,187906.41,2016,3,Terraced house,published_average
Kedah,Kuala Muda,2016_Q3,116528.42,2016,3,Terraced house,published_average
Kedah,Kubang Pasu,2016_Q3,140716.97,2016,3,Terraced house,published_average
Kedah,Kulim,2016_Q3,149645.59,2016,3,Terraced house,published_average
Kelantan,Kota Bharu,2016_Q3,165348.11,2016,3,Terraced house,published_average
Kuala Lumpur,KL Central,,513627.85,2016,3,High-rise unit,published_average
Kuala Lumpur,KL Central,2016_Q3,1010504.86,2016,3,Terraced house,published_average
Kuala Lumpur,KL North,,481935.26,2016,3,High-rise unit,published_average
Kuala Lumpur,KL North,2016_Q3,660436.05,2016,3,Terraced house,published_average
Kuala Lumpur,KL South,,295408.3,2016,3,High-rise unit,published_average
Kuala Lumpur,KL South,2016_Q3,596487.98,2016,3,Terraced house,published_average
Kuala Lumpur,State average,,461294.53,2016,3,High-rise unit,published_average
Melaka,Alor Gajah-Jasin,2016_Q3,115582.68,2016,3,Terraced house,published_average
Melaka,Melaka Tengah,2016_Q3,189910.03,2016,3,Terraced house,published_average
Melaka,State average,,105295.93,2016,3,High-rise unit,published_average
Negeri Sembilan,Port Dickson,2016_Q3,158423.95,2016,3,Terraced house,published_average
Negeri Sembilan,Seremban,2016_Q3,214858.14,2016,3,Terraced house,published_average
Negeri Sembilan,State average,,93303.13,2016,3,High-rise unit,published_average
Negeri Sembilan,Tampin & Others,2016_Q3,138509.13,2016,3,Terraced house,published_average
Pahang,Bentong,2016_Q3,212083.82,2016,3,Terraced house,published_average
Pahang,Jerantut-Lipis-Raub,2016_Q3,156731.74,2016,3,Terraced house,published_average
Pahang,Kuantan,2016_Q3,244730.3,2016,3,Terraced house,published_average
Pahang,Temerloh,2016_Q3,162524.32,2016,3,Terraced house,published_average
Penang,Pulau Pinang (Island),,354351.99,2016,3,High-rise unit,published_average
Penang,Pulau Pinang (Island),2016_Q3,915147.88,2016,3,Terraced house,published_average
Penang,Seberang Perai,,122311.8,2016,3,High-rise unit,published_average
Penang,Seberang Perai,2016_Q3,288140.79,2016,3,Terraced house,published_average
Penang,State average,,327344.93,2016,3,High-rise unit,published_average
Perak,Batang Padang,2016_Q3,131028.46,2016,3,Terraced house,published_average
Perak,Hilir Perak,2016_Q3,158955.5,2016,3,Terraced house,published_average
Perak,Kinta/Ipoh,2016_Q3,179749.87,2016,3,Terraced house,published_average
Perak,Larut Matang,2016_Q3,172232.38,2016,3,Terraced house,published_average
Perak,Manjung,2016_Q3,220537.27,2016,3,Terraced house,published_average
Perlis,Kangar,2016_Q3,129340.78,2016,3,Terraced house,published_average
Sabah,Kota Kinabalu,2016_Q3,451274.63,2016,3,Terraced house,published_average
Sabah,Sandakan,2016_Q3,327285.89,2016,3,Terraced house,published_average
Sabah,State average,,305193.19,2016,3,High-rise unit,published_average
Sabah,Tawau,2016_Q3,398229.97,2016,3,Terraced house,published_average
Sarawak,Kuching,2016_Q3,418704.2,2016,3,Terraced house,published_average
Sarawak,Miri,2016_Q3,284901.53,2016,3,Terraced house,published_average
Sarawak,Sibu,2016_Q3,309608.66,2016,3,Terraced house,published_average
Selangor,Gombak,2016_Q3,376092.73,2016,3,Terraced house,published_average
Selangor,Hulu Langat,,234961.69,2016,3,High-rise unit,published_average
Selangor,Hulu Langat,2016_Q3,379115.0,2016,3,Terraced house,published_average
Selangor,Klang,2016_Q3,295352.3,2016,3,Terraced house,published_average
Selangor,Kuala Selangor,2016_Q3,239437.98,2016,3,Terraced house,published_average
Selangor,Petaling,,340594.08,2016,3,High-rise unit,published_average
Selangor,Petaling,2016_Q3,648036.44,2016,3,Terraced house,published_average
Selangor,Sepang,2016_Q3,404476.68,2016,3,Terraced house,published_average
Selangor,State average,,260999.28,2016,3,High-rise unit,published_average
Terengganu,Kemaman,2016_Q3,159661.96,2016,3,Terraced house,published_average
Terengganu,Kuala Terengganu,2016_Q3,205378.73,2016,3,Terraced house,published_average
Johor,Batu Pahat,2016_Q4,242453.53,2016,4,Terraced house,published_average
Johor,Johor Bahru,2016_Q4,275701.53,2016,4,Terraced house,published_average
Johor,Kluang,2016_Q4,181998.51,2016,4,Terraced house,published_average
Johor,Kota Tinggi/Pontian,2016_Q4,183094.24,2016,4,Terraced house,published_average
Johor,Kulai Jaya,2016_Q4,243913.71,2016,4,Terraced house,published_average
Johor,Muar,2016_Q4,274415.29,2016,4,Terraced house,published_average
Johor,Segamat,2016_Q4,179012.86,2016,4,Terraced house,published_average
Johor,State average,,220601.25,2016,4,High-rise unit,published_average
Kedah,Kota Setar,2016_Q4,188122.07,2016,4,Terraced house,published_average
Kedah,Kuala Muda,2016_Q4,118702.42,2016,4,Terraced house,published_average
Kedah,Kubang Pasu,2016_Q4,140876.26,2016,4,Terraced house,published_average
Kedah,Kulim,2016_Q4,151899.61,2016,4,Terraced house,published_average
Kelantan,Kota Bharu,2016_Q4,161594.22,2016,4,Terraced house,published_average
Kuala Lumpur,KL Central,,503942.52,2016,4,High-rise unit,published_average
Kuala Lumpur,KL Central,2016_Q4,976018.81,2016,4,Terraced house,published_average
Kuala Lumpur,KL North,,460569.14,2016,4,High-rise unit,published_average
Kuala Lumpur,KL North,2016_Q4,684546.12,2016,4,Terraced house,published_average
Kuala Lumpur,KL South,,287175.18,2016,4,High-rise unit,published_average
Kuala Lumpur,KL South,2016_Q4,651221.37,2016,4,Terraced house,published_average
Kuala Lumpur,State average,,447375.41,2016,4,High-rise unit,published_average
Melaka,Alor Gajah-Jasin,2016_Q4,122453.0,2016,4,Terraced house,published_average
Melaka,Melaka Tengah,2016_Q4,192434.58,2016,4,Terraced house,published_average
Melaka,State average,,104051.3,2016,4,High-rise unit,published_average
Negeri Sembilan,Port Dickson,2016_Q4,155606.41,2016,4,Terraced house,published_average
Negeri Sembilan,Seremban,2016_Q4,215887.27,2016,4,Terraced house,published_average
Negeri Sembilan,State average,,92975.79,2016,4,High-rise unit,published_average
Negeri Sembilan,Tampin & Others,2016_Q4,141638.77,2016,4,Terraced house,published_average
Pahang,Bentong,2016_Q4,208217.5,2016,4,Terraced house,published_average
Pahang,Jerantut-Lipis-Raub,2016_Q4,160545.24,2016,4,Terraced house,published_average
Pahang,Kuantan,2016_Q4,244900.25,2016,4,Terraced house,published_average
Pahang,Temerloh,2016_Q4,163421.68,2016,4,Terraced house,published_average
Penang,Pulau Pinang (Island),,346316.39,2016,4,High-rise unit,published_average
Penang,Pulau Pinang (Island),2016_Q4,900923.01,2016,4,Terraced house,published_average
Penang,Seberang Perai,,121427.9,2016,4,High-rise unit,published_average
Penang,Seberang Perai,2016_Q4,282403.11,2016,4,Terraced house,published_average
Penang,State average,,320141.72,2016,4,High-rise unit,published_average
Perak,Batang Padang,2016_Q4,129473.54,2016,4,Terraced house,published_average
Perak,Hilir Perak,2016_Q4,156959.34,2016,4,Terraced house,published_average
Perak,Kinta/Ipoh,2016_Q4,178927.88,2016,4,Terraced house,published_average
Perak,Larut Matang,2016_Q4,171447.41,2016,4,Terraced house,published_average
Perak,Manjung,2016_Q4,223259.29,2016,4,Terraced house,published_average
Perlis,Kangar,2016_Q4,124573.5,2016,4,Terraced house,published_average
Sabah,Kota Kinabalu,2016_Q4,451346.74,2016,4,Terraced house,published_average
Sabah,Sandakan,2016_Q4,331534.58,2016,4,Terraced house,published_average
Sabah,State average,,312374.2062352941,2016,4,High-rise unit,published_average
Sabah,Tawau,2016_Q4,402975.64,2016,4,Terraced house,published_average
Sarawak,Kuching,2016_Q4,420588.36,2016,4,Terraced house,published_average
Sarawak,Miri,2016_Q4,287303.77,2016,4,Terraced house,published_average
Sarawak,Sibu,2016_Q4,308079.3,2016,4,Terraced house,published_average
Selangor,Gombak,2016_Q4,377278.98,2016,4,Terraced house,published_average
Selangor,Hulu Langat,,225293.65,2016,4,High-rise unit,published_average
Selangor,Hulu Langat,2016_Q4,389302.05,2016,4,Terraced house,published_average
Selangor,Klang,2016_Q4,298303.11,2016,4,Terraced house,published_average
Selangor,Kuala Selangor,2016_Q4,250132.43,2016,4,Terraced house,published_average
Selangor,Petaling,,328527.76,2016,4,High-rise unit,published_average
Selangor,Petaling,2016_Q4,651506.23,2016,4,Terraced house,published_average
Selangor,Sepang,2016_Q4,405512.07,2016,4,Terraced house,published_average
Selangor,State average,,251442.76,2016,4,High-rise unit,published_average
Terengganu,Kemaman,2016_Q4,160680.65,2016,4,Terraced house,published_average
Terengganu,Kuala Terengganu,2016_Q4,201925.89,2016,4,Terraced house,published_average
Johor,Batu Pahat,2017_Q1,237737.54,2017,1,Terraced house,published_average
Johor,Johor Bahru,2017_Q1,296142.31,2017,1,Terraced house,published_average
Johor,Kluang,2017_Q1,182144.71,2017,1,Terraced house,published_average
Johor,Kota Tinggi/Pontian,2017_Q1,191786.59,2017,1,Terraced house,published_average
Johor,Kulai Jaya,2017_Q1,259449.9,2017,1,Terraced house,published_average
Johor,Muar,2017_Q1,273376.3,2017,1,Terraced house,published_average
Johor,Segamat,2017_Q1,177673.3,2017,1,Terraced house,published_average
Johor,State average,,253976.89,2017,1,High-rise unit,published_average
Kedah,Kota Setar,2017_Q1,188257.83,2017,1,Terraced house,published_average
Kedah,Kuala Muda,2017_Q1,120760.71,2017,1,Terraced house,published_average
Kedah,Kubang Pasu,2017_Q1,142223.03,2017,1,Terraced house,published_average
Kedah,Kulim,2017_Q1,154179.24,2017,1,Terraced house,published_average
Kelantan,Kota Bharu,2017_Q1,165352.11,2017,1,Terraced house,published_average
Kuala Lumpur,KL Central,,537598.92,2017,1,High-rise unit,published_average
Kuala Lumpur,KL Central,2017_Q1,1000190.49,2017,1,Terraced house,published_average
Kuala Lumpur,KL North,,522461.55,2017,1,High-rise unit,published_average
Kuala Lumpur,KL North,2017_Q1,697850.29,2017,1,Terraced house,published_average
Kuala Lumpur,KL South,,349362.92,2017,1,High-rise unit,published_average
Kuala Lumpur,KL South,2017_Q1,675116.97,2017,1,Terraced house,published_average
Kuala Lumpur,State average,,497157.33,2017,1,High-rise unit,published_average
Melaka,Alor Gajah-Jasin,2017_Q1,120644.41,2017,1,Terraced house,published_average
Melaka,Melaka Tengah,2017_Q1,200394.7,2017,1,Terraced house,published_average
Melaka,State average,,122386.41,2017,1,High-rise unit,published_average
Negeri Sembilan,Port Dickson,2017_Q1,155199.45,2017,1,Terraced house,published_average
Negeri Sembilan,Seremban,2017_Q1,221550.73,2017,1,Terraced house,published_average
Negeri Sembilan,State average,,102935.09,2017,1,High-rise unit,published_average
Negeri Sembilan,Tampin & Others,2017_Q1,140437.42,2017,1,Terraced house,published_average
Pahang,Bentong,2017_Q1,210865.48,2017,1,Terraced house,published_average
Pahang,Jerantut-Lipis-Raub,2017_Q1,151002.18,2017,1,Terraced house,published_average
Pahang,Kuantan,2017_Q1,246464.46,2017,1,Terraced house,published_average
Pahang,Temerloh,2017_Q1,163599.57,2017,1,Terraced house,published_average
Penang,Pulau Pinang (Island),,367834.43,2017,1,High-rise unit,published_average
Penang,Pulau Pinang (Island),2017_Q1,938291.74,2017,1,Terraced house,published_average
Penang,Seberang Perai,,128422.23,2017,1,High-rise unit,published_average
Penang,Seberang Perai,2017_Q1,289578.36,2017,1,Terraced house,published_average
Penang,State average,,339969.35,2017,1,High-rise unit,published_average
Perak,Batang Padang,2017_Q1,130937.34,2017,1,Terraced house,published_average
Perak,Hilir Perak,2017_Q1,157857.17,2017,1,Terraced house,published_average
Perak,Kinta/Ipoh,2017_Q1,179897.61,2017,1,Terraced house,published_average
Perak,Larut Matang,2017_Q1,172491.27,2017,1,Terraced house,published_average
Perak,Manjung,2017_Q1,223904.75,2017,1,Terraced house,published_average
Perlis,Kangar,2017_Q1,135330.58,2017,1,Terraced house,published_average
Sabah,Kota Kinabalu,2017_Q1,453916.6,2017,1,Terraced house,published_average
Sabah,Sandakan,2017_Q1,331418.21,2017,1,Terraced house,published_average
Sabah,State average,,326112.93,2017,1,High-rise unit,published_average
Sabah,Tawau,2017_Q1,400540.97,2017,1,Terraced house,published_average
Sarawak,Kuching,2017_Q1,421497.81,2017,1,Terraced house,published_average
Sarawak,Miri,2017_Q1,280227.96,2017,1,Terraced house,published_average
Sarawak,Sibu,2017_Q1,304056.98,2017,1,Terraced house,published_average
Selangor,Gombak,2017_Q1,399673.34,2017,1,Terraced house,published_average
Selangor,Hulu Langat,,237119.09,2017,1,High-rise unit,published_average
Selangor,Hulu Langat,2017_Q1,401682.83,2017,1,Terraced house,published_average
Selangor,Klang,2017_Q1,308884.47,2017,1,Terraced house,published_average
Selangor,Kuala Selangor,2017_Q1,239749.56,2017,1,Terraced house,published_average
Selangor,Petaling,,363101.09,2017,1,High-rise unit,published_average
Selangor,Petaling,2017_Q1,674283.61,2017,1,Terraced house,published_average
Selangor,Sepang,2017_Q1,413783.23,2017,1,Terraced house,published_average
Selangor,State average,,275162.56,2017,1,High-rise unit,published_average
Terengganu,Kemaman,2017_Q1,163782.67,2017,1,Terraced house,published_average
Terengganu,Kuala Terengganu,2017_Q1,204609.54,2017,1,Terraced house,published_average
Johor,Batu Pahat,2017_Q2,235042.84,2017,2,Terraced house,published_average
Johor,Johor Bahru,2017_Q2,301113.32,2017,2,Terraced house,published_average
Johor,Kluang,2017_Q2,176257.66,2017,2,Terraced house,published_average
Johor,Kota Tinggi/Pontian,2017_Q2,198076.13,2017,2,Terraced house,published_average
Johor,Kulai Jaya,2017_Q2,266800.87,2017,2,Terraced house,published_average
Johor,Muar,2017_Q2,277170.43,2017,2,Terraced house,published_average
Johor,Segamat,2017_Q2,175437.5,2017,2,Terraced house,published_average
Johor,State average,,256704.29,2017,2,High-rise unit,published_average
Kedah,Kota Setar,2017_Q2,196861.07,2017,2,Terraced house,published_average
Kedah,Kuala Muda,2017_Q2,122952.73,2017,2,Terraced house,published_average
Kedah,Kubang Pasu,2017_Q2,143232.87,2017,2,Terraced house,published_average
Kedah,Kulim,2017_Q2,155551.42,2017,2,Terraced house,published_average
Kelantan,Kota Bharu,2017_Q2,167089.25,2017,2,Terraced house,published_average
Kuala Lumpur,KL Central,,554386.67,2017,2,High-rise unit,published_average
Kuala Lumpur,KL Central,2017_Q2,1045332.99,2017,2,Terraced house,published_average
Kuala Lumpur,KL North,,526544.43,2017,2,High-rise unit,published_average
Kuala Lumpur,KL North,2017_Q2,723662.56,2017,2,Terraced house,published_average
Kuala Lumpur,KL South,,343089.93,2017,2,High-rise unit,published_average
Kuala Lumpur,KL South,2017_Q2,688417.33,2017,2,Terraced house,published_average
Kuala Lumpur,State average,,504809.77,2017,2,High-rise unit,published_average
Melaka,Alor Gajah-Jasin,2017_Q2,121115.24,2017,2,Terraced house,published_average
Melaka,Melaka Tengah,2017_Q2,202753.33,2017,2,Terraced house,published_average
Melaka,State average,,119630.94,2017,2,High-rise unit,published_average
Negeri Sembilan,Port Dickson,2017_Q2,155882.87,2017,2,Terraced house,published_average
Negeri Sembilan,Seremban,2017_Q2,228630.51,2017,2,Terraced house,published_average
Negeri Sembilan,State average,,101963.84,2017,2,High-rise unit,published_average
Negeri Sembilan,Tampin & Others,2017_Q2,141828.09,2017,2,Terraced house,published_average
Pahang,Bentong,2017_Q2,215953.25,2017,2,Terraced house,published_average
Pahang,Jerantut-Lipis-Raub,2017_Q2,155968.4,2017,2,Terraced house,published_average
Pahang,Kuantan,2017_Q2,257250.7,2017,2,Terraced house,published_average
Pahang,Temerloh,2017_Q2,167599.52,2017,2,Terraced house,published_average
Penang,Pulau Pinang (Island),,374582.69,2017,2,High-rise unit,published_average
Penang,Pulau Pinang (Island),2017_Q2,949983.42,2017,2,Terraced house,published_average
Penang,Seberang Perai,,127861.05,2017,2,High-rise unit,published_average
Penang,Seberang Perai,2017_Q2,300020.06,2017,2,Terraced house,published_average
Penang,State average,,345866.87,2017,2,High-rise unit,published_average
Perak,Batang Padang,2017_Q2,130779.61,2017,2,Terraced house,published_average
Perak,Hilir Perak,2017_Q2,162120.73,2017,2,Terraced house,published_average
Perak,Kinta/Ipoh,2017_Q2,185147.96,2017,2,Terraced house,published_average
Perak,Larut Matang,2017_Q2,173728.01,2017,2,Terraced house,published_average
Perak,Manjung,2017_Q2,224773.16,2017,2,Terraced house,published_average
Perlis,Kangar,2017_Q2,135404.4,2017,2,Terraced house,published_average
Sabah,Kota Kinabalu,2017_Q2,463823.99,2017,2,Terraced house,published_average
Sabah,Sandakan,2017_Q2,329774.01,2017,2,Terraced house,published_average
Sabah,State average,,321447.91,2017,2,High-rise unit,published_average
Sabah,Tawau,2017_Q2,409162.79,2017,2,Terraced house,published_average
Sarawak,Kuching,2017_Q2,429276.24,2017,2,Terraced house,published_average
Sarawak,Miri,2017_Q2,287019.66,2017,2,Terraced house,published_average
Sarawak,Sibu,2017_Q2,309038.72,2017,2,Terraced house,published_average
Selangor,Gombak,2017_Q2,414809.31,2017,2,Terraced house,published_average
Selangor,Hulu Langat,,241020.13,2017,2,High-rise unit,published_average
Selangor,Hulu Langat,2017_Q2,417216.04,2017,2,Terraced house,published_average
Selangor,Klang,2017_Q2,322469.08,2017,2,Terraced house,published_average
Selangor,Kuala Selangor,2017_Q2,242986.95,2017,2,Terraced house,published_average
Selangor,Petaling,,368676.24,2017,2,High-rise unit,published_average
Selangor,Petaling,2017_Q2,686318.37,2017,2,Terraced house,published_average
Selangor,Sepang,2017_Q2,431755.07,2017,2,Terraced house,published_average
Selangor,State average,,279447.51,2017,2,High-rise unit,published_average
Terengganu,Kemaman,2017_Q2,166541.99,2017,2,Terraced house,published_average
Terengganu,Kuala Terengganu,2017_Q2,204609.54,2017,2,Terraced house,published_average
Johor,Batu Pahat,2017_Q3,238909.95,2017,3,Terraced house,published_average
Johor,Johor Bahru,2017_Q3,319506.58,2017,3,Terraced house,published_average
Johor,Kluang,2017_Q3,179643.66,2017,3,Terraced house,published_average
Johor,Kota Tinggi/Pontian,2017_Q3,202254.24,2017,3,Terraced house,published_average
Johor,Kulai Jaya,2017_Q3,273320.22,2017,3,Terraced house,published_average
Johor,Muar,2017_Q3,281997.4,2017,3,Terraced house,published_average
Johor,Segamat,2017_Q3,179111.43,2017,3,Terraced house,published_average
Johor,State average,,249153.35,2017,3,High-rise unit,published_average
Kedah,Kota Setar,2017_Q3,197804.44,2017,3,Terraced house,published_average
Kedah,Kuala Muda,2017_Q3,125882.32,2017,3,Terraced house,published_average
Kedah,Kubang Pasu,2017_Q3,144488.71,2017,3,Terraced house,published_average
Kedah,Kulim,2017_Q3,156844.13,2017,3,Terraced house,published_average
Kelantan,Kota Bharu,2017_Q3,167645.88,2017,3,Terraced house,published_average
Kuala Lumpur,KL Central,,526528.78,2017,3,High-rise unit,published_average
Kuala Lumpur,KL Central,2017_Q3,1084177.15,2017,3,Terraced house,published_average
Kuala Lumpur,KL North,,513671.23,2017,3,High-rise unit,published_average
Kuala Lumpur,KL North,2017_Q3,736443.15,2017,3,Terraced house,published_average
Kuala Lumpur,KL South,,332800.64,2017,3,High-rise unit,published_average
Kuala Lumpur,KL South,2017_Q3,713859.5,2017,3,Terraced house,published_average
Kuala Lumpur,State average,,485955.86,2017,3,High-rise unit,published_average
Melaka,Alor Gajah-Jasin,2017_Q3,124168.2,2017,3,Terraced house,published_average
Melaka,Melaka Tengah,2017_Q3,204218.16,2017,3,Terraced house,published_average
Melaka,State average,,117999.55,2017,3,High-rise unit,published_average
Negeri Sembilan,Port Dickson,2017_Q3,160511.5,2017,3,Terraced house,published_average
Negeri Sembilan,Seremban,2017_Q3,234041.87,2017,3,Terraced house,published_average
Negeri Sembilan,State average,,101507.46,2017,3,High-rise unit,published_average
Negeri Sembilan,Tampin & Others,2017_Q3,144217.77,2017,3,Terraced house,published_average
Pahang,Bentong,2017_Q3,217317.19,2017,3,Terraced house,published_average
Pahang,Jerantut-Lipis-Raub,2017_Q3,158604.19,2017,3,Terraced house,published_average
Pahang,Kuantan,2017_Q3,259504.37,2017,3,Terraced house,published_average
Pahang,Temerloh,2017_Q3,170429.64,2017,3,Terraced house,published_average
Penang,Pulau Pinang (Island),,367977.63,2017,3,High-rise unit,published_average
Penang,Pulau Pinang (Island),2017_Q3,966004.48,2017,3,Terraced house,published_average
Penang,Seberang Perai,,124598.28,2017,3,High-rise unit,published_average
Penang,Seberang Perai,2017_Q3,304456.08,2017,3,Terraced house,published_average
Penang,State average,,339650.82,2017,3,High-rise unit,published_average
Perak,Batang Padang,2017_Q3,132233.43,2017,3,Terraced house,published_average
Perak,Hilir Perak,2017_Q3,164298.5,2017,3,Terraced house,published_average
Perak,Kinta/Ipoh,2017_Q3,188249.08,2017,3,Terraced house,published_average
Perak,Larut Matang,2017_Q3,175921.62,2017,3,Terraced house,published_average
Perak,Manjung,2017_Q3,225413.67,2017,3,Terraced house,published_average
Perlis,Kangar,2017_Q3,135298.59,2017,3,Terraced house,published_average
Sabah,Kota Kinabalu,2017_Q3,474901.26,2017,3,Terraced house,published_average
Sabah,Sandakan,2017_Q3,338531.63,2017,3,Terraced house,published_average
Sabah,State average,,316932.48,2017,3,High-rise unit,published_average
Sabah,Tawau,2017_Q3,410909.78,2017,3,Terraced house,published_average
Sarawak,Kuching,2017_Q3,437679.29,2017,3,Terraced house,published_average
Sarawak,Miri,2017_Q3,291125.48,2017,3,Terraced house,published_average
Sarawak,Sibu,2017_Q3,310128.46,2017,3,Terraced house,published_average
Selangor,Gombak,2017_Q3,420952.25,2017,3,Terraced house,published_average
Selangor,Hulu Langat,,237265.6,2017,3,High-rise unit,published_average
Selangor,Hulu Langat,2017_Q3,423918.05,2017,3,Terraced house,published_average
Selangor,Klang,2017_Q3,326114.72,2017,3,Terraced house,published_average
Selangor,Kuala Selangor,2017_Q3,248628.66,2017,3,Terraced house,published_average
Selangor,Petaling,,363804.75,2017,3,High-rise unit,published_average
Selangor,Petaling,2017_Q3,699625.84,2017,3,Terraced house,published_average
Selangor,Sepang,2017_Q3,444773.47,2017,3,Terraced house,published_average
Selangor,State average,,275623.6,2017,3,High-rise unit,published_average
Terengganu,Kemaman,2017_Q3,168891.22,2017,3,Terraced house,published_average
Terengganu,Kuala Terengganu,2017_Q3,206677.89,2017,3,Terraced house,published_average
Johor,Batu Pahat,2017_Q4,238772.04,2017,4,Terraced house,published_average
Johor,Johor Bahru,2017_Q4,325111.88,2017,4,Terraced house,published_average
Johor,Kluang,2017_Q4,181969.76,2017,4,Terraced house,published_average
Johor,Kota Tinggi/Pontian,2017_Q4,205192.31,2017,4,Terraced house,published_average
Johor,Kulai Jaya,2017_Q4,278899.13,2017,4,Terraced house,published_average
Johor,Muar,2017_Q4,275764.03,2017,4,Terraced house,published_average
Johor,Segamat,2017_Q4,183047.37,2017,4,Terraced house,published_average
Johor,State average,,244387.84,2017,4,High-rise unit,published_average
Kedah,Kota Setar,2017_Q4,193831.05,2017,4,Terraced house,published_average
Kedah,Kuala Muda,2017_Q4,128487.66,2017,4,Terraced house,published_average
Kedah,Kubang Pasu,2017_Q4,144774.3,2017,4,Terraced house,published_average
Kedah,Kulim,2017_Q4,160638.09,2017,4,Terraced house,published_average
Kelantan,Kota Bharu,2017_Q4,169560.85,2017,4,Terraced house,published_average
Kuala Lumpur,KL Central,,543529.69,2017,4,High-rise unit,published_average
Kuala Lumpur,KL Central,2017_Q4,1082399.25,2017,4,Terraced house,published_average
Kuala Lumpur,KL North,,503226.3,2017,4,High-rise unit,published_average
Kuala Lumpur,KL North,2017_Q4,740111.99,2017,4,Terraced house,published_average
Kuala Lumpur,KL South,,325318.37,2017,4,High-rise unit,published_average
Kuala Lumpur,KL South,2017_Q4,728946.68,2017,4,Terraced house,published_average
Kuala Lumpur,State average,,487880.0,2017,4,High-rise unit,published_average
Melaka,Alor Gajah-Jasin,2017_Q4,129609.07,2017,4,Terraced house,published_average
Melaka,Melaka Tengah,2017_Q4,213987.31,2017,4,Terraced house,published_average
Melaka,State average,,110491.6,2017,4,High-rise unit,published_average
Negeri Sembilan,Port Dickson,2017_Q4,170645.38,2017,4,Terraced house,published_average
Negeri Sembilan,Seremban,2017_Q4,243813.21,2017,4,Terraced house,published_average
Negeri Sembilan,State average,,100575.63,2017,4,High-rise unit,published_average
Negeri Sembilan,Tampin & Others,2017_Q4,142648.96,2017,4,Terraced house,published_average
Pahang,Bentong,2017_Q4,213496.72,2017,4,Terraced house,published_average
Pahang,Jerantut-Lipis-Raub,2017_Q4,164306.53,2017,4,Terraced house,published_average
Pahang,Kuantan,2017_Q4,253932.01,2017,4,Terraced house,published_average
Pahang,Temerloh,2017_Q4,165119.44,2017,4,Terraced house,published_average
Penang,Pulau Pinang (Island),,372638.43,2017,4,High-rise unit,published_average
Penang,Pulau Pinang (Island),2017_Q4,931903.86,2017,4,Terraced house,published_average
Penang,Seberang Perai,,124413.3,2017,4,High-rise unit,published_average
Penang,Seberang Perai,2017_Q4,309733.51,2017,4,Terraced house,published_average
Penang,State average,,343747.62,2017,4,High-rise unit,published_average
Perak,Batang Padang,2017_Q4,134989.38,2017,4,Terraced house,published_average
Perak,Hilir Perak,2017_Q4,160272.37,2017,4,Terraced house,published_average
Perak,Kinta/Ipoh,2017_Q4,189640.22,2017,4,Terraced house,published_average
Perak,Larut Matang,2017_Q4,175155.68,2017,4,Terraced house,published_average
Perak,Manjung,2017_Q4,231015.66,2017,4,Terraced house,published_average
Perlis,Kangar,2017_Q4,135648.24,2017,4,Terraced house,published_average
Sabah,Kota Kinabalu,2017_Q4,472668.32,2017,4,Terraced house,published_average
Sabah,Sandakan,2017_Q4,335000.0,2017,4,Terraced house,published_average
Sabah,State average,,307308.83,2017,4,High-rise unit,published_average
Sabah,Tawau,2017_Q4,407674.27,2017,4,Terraced house,published_average
Sarawak,Kuching,2017_Q4,434994.51,2017,4,Terraced house,published_average
Sarawak,Miri,2017_Q4,293070.26,2017,4,Terraced house,published_average
Sarawak,Sibu,2017_Q4,318486.93,2017,4,Terraced house,published_average
Selangor,Gombak,2017_Q4,452698.6,2017,4,Terraced house,published_average
Selangor,Hulu Langat,,238216.48,2017,4,High-rise unit,published_average
Selangor,Hulu Langat,2017_Q4,440330.86,2017,4,Terraced house,published_average
Selangor,Klang,2017_Q4,334687.4,2017,4,Terraced house,published_average
Selangor,Kuala Selangor,2017_Q4,261682.83,2017,4,Terraced house,published_average
Selangor,Petaling,,360727.67,2017,4,High-rise unit,published_average
Selangor,Petaling,2017_Q4,707590.08,2017,4,Terraced house,published_average
Selangor,Sepang,2017_Q4,449368.6,2017,4,Terraced house,published_average
Selangor,State average,,273974.63,2017,4,High-rise unit,published_average
Terengganu,Kemaman,2017_Q4,172584.46,2017,4,Terraced house,published_average
Terengganu,Kuala Terengganu,2017_Q4,209811.44,2017,4,Terraced house,published_average
Johor,Batu Pahat,2018_Q1,229541.47,2018,1,Terraced house,published_average
Johor,Johor Bahru,2018_Q1,340170.41,2018,1,Terraced house,published_average
Johor,Kluang,2018_Q1,176874.89,2018,1,Terraced house,published_average
Johor,Kota Tinggi/Pontian,2018_Q1,210829.91,2018,1,Terraced house,published_average
Johor,Kulai Jaya,2018_Q1,286345.28,2018,1,Terraced house,published_average
Johor,Muar,2018_Q1,264012.12,2018,1,Terraced house,published_average
Johor,Segamat,2018_Q1,177885.33,2018,1,Terraced house,published_average
Johor,State average,,254669.74,2018,1,High-rise unit,published_average
Kedah,Kota Setar,2018_Q1,194881.89,2018,1,Terraced house,published_average
Kedah,Kuala Muda,2018_Q1,133038.89,2018,1,Terraced house,published_average
Kedah,Kubang Pasu,2018_Q1,147908.41,2018,1,Terraced house,published_average
Kedah,Kulim,2018_Q1,165857.87,2018,1,Terraced house,published_average
Kelantan,Kota Bharu,2018_Q1,173646.36,2018,1,Terraced house,published_average
Kuala Lumpur,KL Central,,524319.7,2018,1,High-rise unit,published_average
Kuala Lumpur,KL Central,2018_Q1,1128126.53,2018,1,Terraced house,published_average
Kuala Lumpur,KL North,,507986.22,2018,1,High-rise unit,published_average
Kuala Lumpur,KL North,2018_Q1,761316.63,2018,1,Terraced house,published_average
Kuala Lumpur,KL South,,349930.55,2018,1,High-rise unit,published_average
Kuala Lumpur,KL South,2018_Q1,758545.59,2018,1,Terraced house,published_average
Kuala Lumpur,State average,,485963.1,2018,1,High-rise unit,published_average
Melaka,Alor Gajah-Jasin,2018_Q1,133865.28,2018,1,Terraced house,published_average
Melaka,Melaka Tengah,2018_Q1,210074.41,2018,1,Terraced house,published_average
Melaka,State average,,125229.08,2018,1,High-rise unit,published_average
Negeri Sembilan,Port Dickson,2018_Q1,173812.85,2018,1,Terraced house,published_average
Negeri Sembilan,Seremban,2018_Q1,251345.64,2018,1,Terraced house,published_average
Negeri Sembilan,State average,,101747.49,2018,1,High-rise unit,published_average
Negeri Sembilan,Tampin & Others,2018_Q1,138084.64,2018,1,Terraced house,published_average
Pahang,Bentong,2018_Q1,216155.16,2018,1,Terraced house,published_average
Pahang,Jerantut-Lipis-Raub,2018_Q1,167222.36,2018,1,Terraced house,published_average
Pahang,Kuantan,2018_Q1,252418.82,2018,1,Terraced house,published_average
Pahang,Temerloh,2018_Q1,159458.8,2018,1,Terraced house,published_average
Penang,Pulau Pinang (Island),,361979.27,2018,1,High-rise unit,published_average
Penang,Pulau Pinang (Island),2018_Q1,934014.78,2018,1,Terraced house,published_average
Penang,Seberang Perai,,126118.23,2018,1,High-rise unit,published_average
Penang,Seberang Perai,2018_Q1,304074.41,2018,1,Terraced house,published_average
Penang,State average,,334527.51,2018,1,High-rise unit,published_average
Perak,Batang Padang,2018_Q1,129640.98,2018,1,Terraced house,published_average
Perak,Hilir Perak,2018_Q1,157710.04,2018,1,Terraced house,published_average
Perak,Kinta/Ipoh,2018_Q1,194873.44,2018,1,Terraced house,published_average
Perak,Larut Matang,2018_Q1,182668.54,2018,1,Terraced house,published_average
Perak,Manjung,2018_Q1,227360.27,2018,1,Terraced house,published_average
Perlis,Kangar,2018_Q1,138760.02,2018,1,Terraced house,published_average
Sabah,Kota Kinabalu,2018_Q1,479867.42,2018,1,Terraced house,published_average
Sabah,Sandakan,2018_Q1,335000.0,2018,1,Terraced house,published_average
Sabah,State average,,329742.45,2018,1,High-rise unit,published_average
Sabah,Tawau,2018_Q1,394954.3,2018,1,Terraced house,published_average
Sarawak,Kuching,2018_Q1,436132.29,2018,1,Terraced house,published_average
Sarawak,Miri,2018_Q1,290293.03,2018,1,Terraced house,published_average
Sarawak,Sibu,2018_Q1,325953.69,2018,1,Terraced house,published_average
Selangor,Gombak,2018_Q1,454713.65,2018,1,Terraced house,published_average
Selangor,Hulu Langat,,230997.77,2018,1,High-rise unit,published_average
Selangor,Hulu Langat,2018_Q1,449072.22,2018,1,Terraced house,published_average
Selangor,Klang,2018_Q1,364421.19,2018,1,Terraced house,published_average
Selangor,Kuala Selangor,2018_Q1,262894.19,2018,1,Terraced house,published_average
Selangor,Petaling,,358150.73,2018,1,High-rise unit,published_average
Selangor,Petaling,2018_Q1,692754.2,2018,1,Terraced house,published_average
Selangor,Sepang,2018_Q1,459521.28,2018,1,Terraced house,published_average
Selangor,State average,,270744.79,2018,1,High-rise unit,published_average
Terengganu,Kemaman,2018_Q1,175572.32,2018,1,Terraced house,published_average
Terengganu,Kuala Terengganu,2018_Q1,208680.03,2018,1,Terraced house,published_average
Johor,Batu Pahat,2018_Q2,222057.97,2018,2,Terraced house,published_average
Johor,Johor Bahru,2018_Q2,347067.84,2018,2,Terraced house,published_average
Johor,Kluang,2018_Q2,171817.01,2018,2,Terraced house,published_average
Johor,Kota Tinggi/Pontian,2018_Q2,211990.34,2018,2,Terraced house,published_average
Johor,Kulai Jaya,2018_Q2,282731.09,2018,2,Terraced house,published_average
Johor,Muar,2018_Q2,264157.74,2018,2,Terraced house,published_average
Johor,Segamat,2018_Q2,175012.22,2018,2,Terraced house,published_average
Johor,State average,,247880.88,2018,2,High-rise unit,published_average
Kedah,Kota Setar,2018_Q2,195466.18,2018,2,Terraced house,published_average
Kedah,Kuala Muda,2018_Q2,135454.87,2018,2,Terraced house,published_average
Kedah,Kubang Pasu,2018_Q2,150342.08,2018,2,Terraced house,published_average
Kedah,Kulim,2018_Q2,171246.69,2018,2,Terraced house,published_average
Kelantan,Kota Bharu,2018_Q2,169135.69,2018,2,Terraced house,published_average
Kuala Lumpur,KL Central,,519583.07,2018,2,High-rise unit,published_average
Kuala Lumpur,KL Central,2018_Q2,1102345.65,2018,2,Terraced house,published_average
Kuala Lumpur,KL North,,494218.67,2018,2,High-rise unit,published_average
Kuala Lumpur,KL North,2018_Q2,749153.36,2018,2,Terraced house,published_average
Kuala Lumpur,KL South,,337907.61,2018,2,High-rise unit,published_average
Kuala Lumpur,KL South,2018_Q2,739379.21,2018,2,Terraced house,published_average
Kuala Lumpur,State average,,476407.06,2018,2,High-rise unit,published_average
Melaka,Alor Gajah-Jasin,2018_Q2,133025.11,2018,2,Terraced house,published_average
Melaka,Melaka Tengah,2018_Q2,214349.93,2018,2,Terraced house,published_average
Melaka,State average,,126146.81,2018,2,High-rise unit,published_average
Negeri Sembilan,Port Dickson,2018_Q2,176555.2,2018,2,Terraced house,published_average
Negeri Sembilan,Seremban,2018_Q2,253987.39,2018,2,Terraced house,published_average
Negeri Sembilan,State average,,104137.52,2018,2,High-rise unit,published_average
Negeri Sembilan,Tampin & Others,2018_Q2,135691.1,2018,2,Terraced house,published_average
Pahang,Bentong,2018_Q2,218067.09,2018,2,Terraced house,published_average
Pahang,Jerantut-Lipis-Raub,2018_Q2,162720.29,2018,2,Terraced house,published_average
Pahang,Kuantan,2018_Q2,247700.67,2018,2,Terraced house,published_average
Pahang,Temerloh,2018_Q2,161535.63,2018,2,Terraced house,published_average
Penang,Pulau Pinang (Island),,356951.25,2018,2,High-rise unit,published_average
Penang,Pulau Pinang (Island),2018_Q2,953125.3,2018,2,Terraced house,published_average
Penang,Seberang Perai,,126399.82,2018,2,High-rise unit,published_average
Penang,Seberang Perai,2018_Q2,291330.5,2018,2,Terraced house,published_average
Penang,State average,,330117.47,2018,2,High-rise unit,published_average
Perak,Batang Padang,2018_Q2,128127.74,2018,2,Terraced house,published_average
Perak,Hilir Perak,2018_Q2,159699.28,2018,2,Terraced house,published_average
Perak,Kinta/Ipoh,2018_Q2,197642.72,2018,2,Terraced house,published_average
Perak,Larut Matang,2018_Q2,184911.04,2018,2,Terraced house,published_average
Perak,Manjung,2018_Q2,230857.52,2018,2,Terraced house,published_average
Perlis,Kangar,2018_Q2,143252.21,2018,2,Terraced house,published_average
Sabah,Kota Kinabalu,2018_Q2,490783.09,2018,2,Terraced house,published_average
Sabah,Sandakan,2018_Q2,323056.65,2018,2,Terraced house,published_average
Sabah,State average,,331797.12,2018,2,High-rise unit,published_average
Sabah,Tawau,2018_Q2,388258.68,2018,2,Terraced house,published_average
Sarawak,Kuching,2018_Q2,439103.62,2018,2,Terraced house,published_average
Sarawak,Miri,2018_Q2,286312.27,2018,2,Terraced house,published_average
Sarawak,Sibu,2018_Q2,335072.7,2018,2,Terraced house,published_average
Selangor,Gombak,2018_Q2,466380.91,2018,2,Terraced house,published_average
Selangor,Hulu Langat,,222498.42,2018,2,High-rise unit,published_average
Selangor,Hulu Langat,2018_Q2,450756.5,2018,2,Terraced house,published_average
Selangor,Klang,2018_Q2,367867.88,2018,2,Terraced house,published_average
Selangor,Kuala Selangor,2018_Q2,258147.98,2018,2,Terraced house,published_average
Selangor,Petaling,,344310.47,2018,2,High-rise unit,published_average
Selangor,Petaling,2018_Q2,694665.88,2018,2,Terraced house,published_average
Selangor,Sepang,2018_Q2,439725.83,2018,2,Terraced house,published_average
Selangor,State average,,260380.77,2018,2,High-rise unit,published_average
Terengganu,Kemaman,2018_Q2,178727.05,2018,2,Terraced house,published_average
Terengganu,Kuala Terengganu,2018_Q2,209605.77,2018,2,Terraced house,published_average
